lead_id,full_name,email,company_name,company_size,role,message
11,Christopher Davis,cdavis@finance.com,Finance Corp,1000+,Chief Revenue Officer,Migration from HubSpot needed urgently. 800+ sales reps across 5 regions.
12,Jessica Martinez,jmartinez@gmail.com,Freelancer,01-Oct,Freelance Designer,Are you hiring graphic designers?
13,Daniel Garcia,dgarcia@manufacturing.com,Manufacturing Solutions,200-500,Operations Manager,Our plant operations need better lead tracking. Budget approved for Q1.
14,Ashley Wilson,awilson@healthcare.com,Healthcare Systems,500-1000,IT Manager,HIPAA-compliant solution needed for 400+ medical staff. Contract starts Feb 1st.
,Matthew Thomas,mthomas@random.org,Random Org,01-Oct,Volunteer,Just browsing. Thanks!
16,Lauren Jackson,ljackson@retailchain.com,Retail Chain Inc,1000+,Director of Sales,Need enterprise CRM for 1200+ retail locations. Current system is failing.
17,Ryan Harris,rharris@college.edu,State College,50-200,Professor,Can students get educational discounts?
18,Stephanie Clark,sclark@logistics.com,Logistics Pro,200-500,VP Operations,What features do you offer for supply chain management?
19,Kevin Lewis,klewis@insurance.com,Insurance Group,500-1000,Sales Director,Looking for AI-powered lead scoring for 250 insurance agents. Deadline is tight.
20,Nicole Walker,nwalker@spam.biz,Earn Money Now,1-10,Promoter,Make $10000 a month working from home!!! Click now!!!
11,Christopher Davis,cdavis@finance.com,Finance Corp,1000+,Chief Revenue Officer,Migration from HubSpot needed urgently. 800+ sales reps across 5 regions.
12,Jessica Martinez,jmartinez@gmail.com,Freelancer,01-Oct,Freelance Designer,Are you hiring graphic designers?
13,Daniel Garcia,dgarcia@manufacturing.com,Manufacturing Solutions,200-500,Operations Manager,Our plant operations need better lead tracking. Budget approved for Q1.
14,Ashley Wilson,awilson@healthcare.com,Healthcare Systems,500-1000,IT Manager,HIPAA-compliant solution needed for 400+ medical staff. Contract starts Feb 1st.
,Matthew Thomas,mthomas@random.org,Random Org,01-Oct,Volunteer,Just browsing. Thanks!
16,Lauren Jackson,ljackson@retailchain.com,Retail Chain Inc,1000+,Director of Sales,Need enterprise CRM for 1200+ retail locations. Current system is failing.
17,Ryan Harris,rharris@college.edu,State College,50-200,Professor,Can students get educational discounts?
18,Stephanie Clark,sclark@logistics.com,Logistics Pro,200-500,VP Operations,What features do you offer for supply chain management?
19,Kevin Lewis,klewis@insurance.com,Insurance Group,500-1000,Sales Director,Looking for AI-powered lead scoring for 250 insurance agents. Deadline is tight.
20,Nicole Walker,nwalker@spam.biz,Earn Money Now,1-10,Promoter,Make $10000 a month working from home!!! Click now!!!
11,Christopher Davis,cdavis@finance.com,Finance Corp,1000+,Chief Revenue Officer,Migration from HubSpot needed urgently. 800+ sales reps across 5 regions.
12,Jessica Martinez,jmartinez@gmail.com,Freelancer,01-Oct,Freelance Designer,Are you hiring graphic designers?
13,Daniel Garcia,dgarcia@manufacturing.com,Manufacturing Solutions,200-500,Operations Manager,Our plant operations need better lead tracking. Budget approved for Q1.
14,Ashley Wilson,awilson@healthcare.com,Healthcare Systems,500-1000,IT Manager,HIPAA-compliant solution needed for 400+ medical staff. Contract starts Feb 1st.
,Matthew Thomas,mthomas@random.org,Random Org,01-Oct,Volunteer,Just browsing. Thanks!
16,Lauren Jackson,ljackson@retailchain.com,Retail Chain Inc,1000+,Director of Sales,Need enterprise CRM for 1200+ retail locations. Current system is failing.
17,Ryan Harris,rharris@college.edu,State College,50-200,Professor,Can students get educational discounts?
18,Stephanie Clark,sclark@logistics.com,Logistics Pro,200-500,VP Operations,What features do you offer for supply chain management?
19,Kevin Lewis,klewis@insurance.com,Insurance Group,500-1000,Sales Director,Looking for AI-powered lead scoring for 250 insurance agents. Deadline is tight.
20,Nicole Walker,nwalker@spam.biz,Earn Money Now,1-10,Promoter,Make $10000 a month working from home!!! Click now!!!
11,Christopher Davis,cdavis@finance.com,Finance Corp,1000+,Chief Revenue Officer,Migration from HubSpot needed urgently. 800+ sales reps across 5 regions.
12,Jessica Martinez,jmartinez@gmail.com,Freelancer,01-Oct,Freelance Designer,Are you hiring graphic designers?
13,Daniel Garcia,dgarcia@manufacturing.com,Manufacturing Solutions,200-500,Operations Manager,Our plant operations need better lead tracking. Budget approved for Q1.
14,Ashley Wilson,awilson@healthcare.com,Healthcare Systems,500-1000,IT Manager,HIPAA-compliant solution needed for 400+ medical staff. Contract starts Feb 1st.
,Matthew Thomas,mthomas@random.org,Random Org,01-Oct,Volunteer,Just browsing. Thanks!
16,Lauren Jackson,ljackson@retailchain.com,Retail Chain Inc,1000+,Director of Sales,Need enterprise CRM for 1200+ retail locations. Current system is failing.
17,Ryan Harris,rharris@college.edu,State College,50-200,Professor,Can students get educational discounts?
18,Stephanie Clark,sclark@logistics.com,Logistics Pro,200-500,VP Operations,What features do you offer for supply chain management?
19,Kevin Lewis,klewis@insurance.com,Insurance Group,500-1000,Sales Director,Looking for AI-powered lead scoring for 250 insurance agents. Deadline is tight.
20,Nicole Walker,nwalker@spam.biz,Earn Money Now,1-10,Promoter,Make $10000 a month working from home!!! Click now!!!
11,Christopher Davis,cdavis@finance.com,Finance Corp,1000+,Chief Revenue Officer,Migration from HubSpot needed urgently. 800+ sales reps across 5 regions.
12,Jessica Martinez,jmartinez@gmail.com,Freelancer,01-Oct,Freelance Designer,Are you hiring graphic designers?
13,Daniel Garcia,dgarcia@manufacturing.com,Manufacturing Solutions,200-500,Operations Manager,Our plant operations need better lead tracking. Budget approved for Q1.
14,Ashley Wilson,awilson@healthcare.com,Healthcare Systems,500-1000,IT Manager,HIPAA-compliant solution needed for 400+ medical staff. Contract starts Feb 1st.
,Matthew Thomas,mthomas@random.org,Random Org,01-Oct,Volunteer,Just browsing. Thanks!
16,Lauren Jackson,ljackson@retailchain.com,Retail Chain Inc,1000+,Director of Sales,Need enterprise CRM for 1200+ retail locations. Current system is failing.
17,Ryan Harris,rharris@college.edu,State College,50-200,Professor,Can students get educational discounts?
18,Stephanie Clark,sclark@logistics.com,Logistics Pro,200-500,VP Operations,What features do you offer for supply chain management?
19,Kevin Lewis,klewis@insurance.com,Insurance Group,500-1000,Sales Director,Looking for AI-powered lead scoring for 250 insurance agents. Deadline is tight.
20,Nicole Walker,nwalker@spam.biz,Earn Money Now,1-10,Promoter,Make $10000 a month working from home!!! Click now!!!
